<botcomponent_connectionreferenceset>
  <botcomponent_connectionreference botcomponentid.schemaname="crde9_botGrupo2.topic.Fimdaconversa_parte2Copy_J7L" connectionreferenceid.connectionreferencelogicalname="crde9_botGrupo2.cr.OuFwzs6w">
    <iscustomizable>1</iscustomizable>
  </botcomponent_connectionreference>
  <botcomponent_connectionreference botcomponentid.schemaname="crde9_botGrupo2.topic.Fimdaconversa_parte2Copy_mGa" connectionreferenceid.connectionreferencelogicalname="crde9_botGrupo2.cr.XWVuUMkJ">
    <iscustomizable>1</iscustomizable>
  </botcomponent_connectionreference>
  <botcomponent_connectionreference botcomponentid.schemaname="crde9_botGrupo2.topic.Fimdaconversa_parte2CopyCopy" connectionreferenceid.connectionreferencelogicalname="crde9_botGrupo2.cr.5ZV94SJW">
    <iscustomizable>1</iscustomizable>
  </botcomponent_connectionreference>
  <botcomponent_connectionreference botcomponentid.schemaname="crde9_botGrupo2.topic.Fimdaconversa_parte2CopyCopy" connectionreferenceid.connectionreferencelogicalname="crde9_botGrupo2.cr.vMij8mPw">
    <iscustomizable>1</iscustomizable>
  </botcomponent_connectionreference>
</botcomponent_connectionreferenceset>