{
  "properties": {
    "connectionReferences": {
      "shared_office365": {
        "runtimeSource": "embedded",
        "connection": {
          "connectionReferenceLogicalName": "new_sharedoffice365_a354e"
        },
        "api": {
          "name": "shared_office365"
        }
      },
      "shared_commondataserviceforapps": {
        "impersonation": {},
        "runtimeSource": "embedded",
        "connection": {
          "connectionReferenceLogicalName": "new_sharedcommondataserviceforapps_c84c0"
        },
        "api": {
          "name": "shared_commondataserviceforapps"
        }
      }
    },
    "definition": {
      "$schema": "https://schema.management.azure.com/providers/Microsoft.Logic/schemas/2016-06-01/workflowdefinition.json#",
      "contentVersion": "1.0.0.0",
      "parameters": {
        "$connections": {
          "defaultValue": {},
          "type": "Object"
        },
        "$authentication": {
          "defaultValue": {},
          "type": "SecureObject"
        }
      },
      "triggers": {
        "When_a_row_is_added,_modified_or_deleted": {
          "metadata": {
            "operationMetadataId": "8d45558b-359e-4d82-91b0-58cd51aa1a0a"
          },
          "type": "OpenApiConnectionWebhook",
          "inputs": {
            "host": {
              "apiId": "/providers/Microsoft.PowerApps/apis/shared_commondataserviceforapps",
              "connectionName": "shared_commondataserviceforapps",
              "operationId": "SubscribeWebhookTrigger"
            },
            "parameters": {
              "subscriptionRequest/message": 1,
              "subscriptionRequest/entityname": "cr0ea_membros",
              "subscriptionRequest/scope": 4
            },
            "authentication": "@parameters('$authentication')"
          }
        }
      },
      "actions": {
        "Send_a_Welcome_email_": {
          "runAfter": {},
          "metadata": {
            "operationMetadataId": "6dcd446f-58a6-42be-8e66-f4da48fcdd68"
          },
          "type": "OpenApiConnection",
          "inputs": {
            "host": {
              "apiId": "/providers/Microsoft.PowerApps/apis/shared_office365",
              "connectionName": "shared_office365",
              "operationId": "SendEmailV2"
            },
            "parameters": {
              "emailMessage/To": "@triggerOutputs()?['body/cr0ea_email']",
              "emailMessage/Subject": "Bem-vindo ao Nosso Ginásio!",
              "emailMessage/Body": "<p>Caro @{triggerOutputs()?['body/cr0ea_nome']},<br>\n<br>\nÉ com grande entusiasmo que lhe damos as boas-vindas à família do TAC Service Gym! Estamos felizes por você ter escolhido o nosso ginásio para fazer parte da sua jornada em direção a um estilo de vida mais saudável e ativo.<br>\n<br>\nNo TAC Service Gym, estamos comprometidos a fornecer-lhe as instalações, recursos e o apoio de que você precisa para atingir seus objetivos de condicionamento físico. A Nossa equipa dedicada de instrutores altamente qualificados está aqui para orientá-lo e ajudá-lo em cada etapa do caminho.<br>\n<br>\nEstamos ansiosos para vê-lo no ginásio em breve. Lembre-se de que estamos aqui para apoiá-lo na sua jornada de condicionamento físico, seja qual for o seu objetivo. Se tiver alguma dúvida ou precisar de ajuda, não hesite em entrar em contato conosco.<br>\n<br>\nMais uma vez, bem-vindo ao TAC Service Gym! Estamos empolgados por você fazer parte da nossa comunidade.<br>\n<br>\nAtenciosamente,<br>\n<br>\nJoão de Marco<br>\nSenior Manager</p>",
              "emailMessage/Importance": "Normal"
            },
            "authentication": "@parameters('$authentication')"
          }
        }
      }
    },
    "templateName": null
  },
  "schemaVersion": "1.0.0.0"
}