{
  "properties": {
    "connectionReferences": {
      "shared_commondataserviceforapps": {
        "runtimeSource": "embedded",
        "connection": {
          "connectionReferenceLogicalName": "new_sharedcommondataserviceforapps_c84c0"
        },
        "api": {
          "name": "shared_commondataserviceforapps"
        }
      },
      "shared_office365": {
        "runtimeSource": "embedded",
        "connection": {
          "connectionReferenceLogicalName": "new_sharedoffice365_a354e"
        },
        "api": {
          "name": "shared_office365"
        }
      }
    },
    "definition": {
      "$schema": "https://schema.management.azure.com/providers/Microsoft.Logic/schemas/2016-06-01/workflowdefinition.json#",
      "contentVersion": "1.0.0.0",
      "parameters": {
        "$connections": {
          "defaultValue": {},
          "type": "Object"
        },
        "$authentication": {
          "defaultValue": {},
          "type": "SecureObject"
        }
      },
      "triggers": {
        "Recurrence": {
          "recurrence": {
            "frequency": "Day",
            "interval": 1,
            "timeZone": "GMT Standard Time",
            "startTime": "2020-01-01T09:00:00Z",
            "schedule": {
              "hours": [
                "9"
              ]
            }
          },
          "metadata": {
            "operationMetadataId": "e4f817b4-286d-48a8-a909-124506c572ee"
          },
          "type": "Recurrence"
        }
      },
      "actions": {
        "List_rows": {
          "runAfter": {},
          "metadata": {
            "operationMetadataId": "3dc5733e-67f3-4373-891d-5ad846484e7b"
          },
          "type": "OpenApiConnection",
          "inputs": {
            "host": {
              "connectionName": "shared_commondataserviceforapps",
              "operationId": "ListRecords",
              "apiId": "/providers/Microsoft.PowerApps/apis/shared_commondataserviceforapps"
            },
            "parameters": {
              "entityName": "cr0ea_membroses",
              "$select": "cr0ea_datanascimento, cr0ea_email, cr0ea_nome"
            },
            "authentication": "@parameters('$authentication')"
          },
          "description": "Vai buscar os dados dos membros: data de nascimento, email, nome"
        },
        "Compose_verificar_output_anterior": {
          "runAfter": {
            "List_rows": [
              "Succeeded"
            ]
          },
          "metadata": {
            "operationMetadataId": "84151dbf-0125-4900-a0ea-34c9e539f30e"
          },
          "type": "Compose",
          "inputs": "@outputs('List_rows')?['body/value']",
          "description": "Só ver o output do que sai de cima."
        },
        "Apply_to_each_2": {
          "foreach": "@outputs('List_rows')?['body/value']",
          "actions": {
            "Condition": {
              "actions": {
                "Send_an_email_(V2)": {
                  "runAfter": {},
                  "metadata": {
                    "operationMetadataId": "c2d576ba-ec91-40f6-98d2-270f32fe31d2"
                  },
                  "type": "OpenApiConnection",
                  "inputs": {
                    "host": {
                      "connectionName": "shared_office365",
                      "operationId": "SendEmailV2",
                      "apiId": "/providers/Microsoft.PowerApps/apis/shared_office365"
                    },
                    "parameters": {
                      "emailMessage/To": "@items('Apply_to_each_2')?['cr0ea_email']",
                      "emailMessage/Subject": "Feliz Aniversário",
                      "emailMessage/Body": "<p>Parabéns @{items('Apply_to_each_2')?['cr0ea_nome']},<br>\n<br>\nhoje é o teu dia de aniversário! Estamos muito contentes que faças parte da nossa família! Não abuses dos doces, abusa no treino!<br>\n<br>\nOs melhores cumprimentos,<br>\nJoão de Marco<br>\nSenior Manager</p>",
                      "emailMessage/Importance": "Normal"
                    },
                    "authentication": "@parameters('$authentication')"
                  }
                }
              },
              "runAfter": {},
              "else": {
                "actions": {
                  "Compose_para_verificação_de_output_de_Data_de_nascimento": {
                    "runAfter": {},
                    "metadata": {
                      "operationMetadataId": "e26909f9-ae6e-467d-bfa7-53db55dc3c39"
                    },
                    "type": "Compose",
                    "inputs": "@items('Apply_to_each_2')?['cr0ea_datanascimento']",
                    "description": "O que sai da coluna de data de nascimento"
                  },
                  "Compose_para_verificação_de_output_de_formatação_de_Data": {
                    "runAfter": {
                      "Compose_para_verificação_de_output_de_Data_de_nascimento": [
                        "Succeeded"
                      ]
                    },
                    "metadata": {
                      "operationMetadataId": "db6ce203-920e-4901-8de7-5c7ae5d4398c"
                    },
                    "type": "Compose",
                    "inputs": "@formatDateTime(utcNow(), 'MM-dd')",
                    "description": "O que sai da formula formatDate + utcNow"
                  }
                }
              },
              "expression": {
                "equals": [
                  "@slice(items('Apply_to_each_2')?['cr0ea_datanascimento'], add(indexOf(items('Apply_to_each_2')?['cr0ea_datanascimento'], '-'), 1), add(nthIndexOf(items('Apply_to_each_2')?['cr0ea_datanascimento'], '-', 2), 3))",
                  "@formatDateTime(utcNow(), 'MM-dd')"
                ]
              },
              "metadata": {
                "operationMetadataId": "4c425fcf-2f4d-42f9-8f32-b666fa089b39"
              },
              "type": "If",
              "description": "As fórmulas foram complicadas e feitas a partir de exemplos, basicamente.  Ver fdetalhe da fórmula nos comentários."
            }
          },
          "runAfter": {
            "Compose_verificar_output_anterior": [
              "Succeeded"
            ]
          },
          "metadata": {
            "operationMetadataId": "98ef09a8-18f8-4685-b66e-855410e373ec"
          },
          "type": "Foreach",
          "description": "Percorre a lista dos aniversários e vê quem faz anos hoje."
        }
      }
    },
    "templateName": ""
  },
  "schemaVersion": "1.0.0.0"
}