{
  "properties": {
    "connectionReferences": {
      "shared_office365": {
        "runtimeSource": "embedded",
        "connection": {
          "connectionReferenceLogicalName": "new_sharedoffice365_f950c"
        },
        "api": {
          "name": "shared_office365"
        }
      },
      "shared_commondataserviceforapps": {
        "runtimeSource": "embedded",
        "connection": {
          "connectionReferenceLogicalName": "new_sharedcommondataserviceforapps_834b7"
        },
        "api": {
          "name": "shared_commondataserviceforapps"
        }
      }
    },
    "definition": {
      "$schema": "https://schema.management.azure.com/providers/Microsoft.Logic/schemas/2016-06-01/workflowdefinition.json#",
      "contentVersion": "1.0.0.0",
      "parameters": {
        "$connections": {
          "defaultValue": {},
          "type": "Object"
        },
        "$authentication": {
          "defaultValue": {},
          "type": "SecureObject"
        }
      },
      "triggers": {
        "When_a_row_is_added,_modified_or_deleted": {
          "metadata": {
            "operationMetadataId": "c168007c-0586-423f-b8f5-3d91d8b3aa86"
          },
          "type": "OpenApiConnectionWebhook",
          "inputs": {
            "host": {
              "apiId": "/providers/Microsoft.PowerApps/apis/shared_commondataserviceforapps",
              "connectionName": "shared_commondataserviceforapps",
              "operationId": "SubscribeWebhookTrigger"
            },
            "parameters": {
              "subscriptionRequest/message": 3,
              "subscriptionRequest/entityname": "cr0ea_membros",
              "subscriptionRequest/scope": 4,
              "subscriptionRequest/name": "30f988d5-b971-ee11-8179-000d3ad7b9e4"
            },
            "authentication": "@parameters('$authentication')"
          }
        }
      },
      "actions": {
        "Verifica_se_a_linha_alterada_tem_100_visitas": {
          "actions": {
            "Envia_email_para_o_cliente_com_+_de_100_visitas": {
              "runAfter": {},
              "metadata": {
                "operationMetadataId": "2f664bfc-a02b-460a-af43-7f53aae7764f"
              },
              "type": "OpenApiConnection",
              "inputs": {
                "host": {
                  "apiId": "/providers/Microsoft.PowerApps/apis/shared_office365",
                  "connectionName": "shared_office365",
                  "operationId": "SendEmailV2"
                },
                "parameters": {
                  "emailMessage/To": "@triggerOutputs()?['body/cr0ea_email']",
                  "emailMessage/Subject": "👌Parabéns!!! Atingiu as 100 visitas consecutivas!!!🎉",
                  "emailMessage/Body": "<p>Bom dia @{triggerOutputs()?['body/cr0ea_nome']},<br>\n<br>\nVocê atingiu a meta das 100 visitas consecutivas à familia da TAC Service Fitness!<br>\n<br>\nContinue o bom trabalho e visite-nos hoje para um brinde por esta meta tão importante! Aconselhamos a trazer veículo próprio! 😉<br>\n<br>\nAté já,<br>\n<br>\nTAC Service Fitness</p>",
                  "emailMessage/Importance": "Normal"
                },
                "authentication": "@parameters('$authentication')"
              }
            },
            "Envia_email_para_o_responsável_a_informar_que_alguém_atingiu_as_100_visitas": {
              "runAfter": {
                "Envia_email_para_o_cliente_com_+_de_100_visitas": [
                  "Succeeded"
                ]
              },
              "metadata": {
                "operationMetadataId": "e9742b15-2a3e-4a08-af38-b4ca1878fde4"
              },
              "type": "OpenApiConnection",
              "inputs": {
                "host": {
                  "apiId": "/providers/Microsoft.PowerApps/apis/shared_office365",
                  "connectionName": "shared_office365",
                  "operationId": "SendEmailV2"
                },
                "parameters": {
                  "emailMessage/To": "iefp200@alunos.ipca.pt",
                  "emailMessage/Subject": "Um dos seus clientes atingiu a meta dos 100 dias!",
                  "emailMessage/Body": "<p>Bom dia TAC manager,<br>\n<br>\nO cliente @{triggerOutputs()?['body/cr0ea_nome']} atingiu a meta das 100 visitas consecutivas ao TAC Service Fitness! Vai ter de lhe dar um brinde, prepare a carteira!<br>\n<br>\nOs melhores cumprimentos,<br>\n<br>\nTAC Service Fitness App<br>\n</p>",
                  "emailMessage/Importance": "Normal"
                },
                "authentication": "@parameters('$authentication')"
              }
            }
          },
          "runAfter": {},
          "expression": {
            "greaterOrEquals": [
              "@triggerOutputs()?['body/cr0ea_countervisitasconsecutivas']",
              100
            ]
          },
          "metadata": {
            "operationMetadataId": "55fa26d4-d799-40ef-bc36-abc5e9e3b8b8"
          },
          "type": "If"
        }
      }
    },
    "templateName": null
  },
  "schemaVersion": "1.0.0.0"
}