{
  "properties": {
    "connectionReferences": {
      "shared_sharepointonline": {
        "runtimeSource": "embedded",
        "connection": {
          "connectionReferenceLogicalName": "crde9_botGrupo2.cr.5ZV94SJW"
        },
        "api": {
          "name": "shared_sharepointonline"
        }
      }
    },
    "definition": {
      "$schema": "https://schema.management.azure.com/providers/Microsoft.Logic/schemas/2016-06-01/workflowdefinition.json#",
      "contentVersion": "1.0.0.0",
      "parameters": {
        "$connections": {
          "defaultValue": {},
          "type": "Object"
        },
        "$authentication": {
          "defaultValue": {},
          "type": "SecureObject"
        }
      },
      "triggers": {
        "manual": {
          "metadata": {
            "operationMetadataId": "95772762-e444-4b54-821e-7fb54285a966"
          },
          "type": "Request",
          "kind": "VirtualAgent",
          "inputs": {
            "schema": {
              "type": "object",
              "properties": {
                "text": {
                  "title": "Input",
                  "type": "string",
                  "x-ms-dynamically-added": true,
                  "description": "Please enter your input",
                  "x-ms-content-hint": "TEXT"
                }
              },
              "required": [
                "text"
              ]
            }
          }
        }
      },
      "actions": {
        "Get_items": {
          "runAfter": {},
          "metadata": {
            "operationMetadataId": "4c28ec3e-f7f5-4fab-9d90-aedabcdb6057"
          },
          "type": "OpenApiConnection",
          "inputs": {
            "host": {
              "connectionName": "shared_sharepointonline",
              "operationId": "GetItems",
              "apiId": "/providers/Microsoft.PowerApps/apis/shared_sharepointonline"
            },
            "parameters": {
              "dataset": "https://bsdesigner.sharepoint.com/sites/Grupo2",
              "table": "d2075879-5bf0-48c5-8cfd-b702b7cd5bc2"
            },
            "authentication": "@parameters('$authentication')"
          }
        },
        "frase_aleatoria": {
          "runAfter": {
            "Get_items": [
              "Succeeded"
            ]
          },
          "metadata": {
            "operationMetadataId": "8531c99e-ed8b-4e56-902b-16ab7f61cd5e"
          },
          "type": "Compose",
          "inputs": "@body('Get_items')?['value'][rand(1,length(body('Get_items')?['value']))]"
        },
        "Parse_JSON": {
          "runAfter": {
            "frase_aleatoria": [
              "Succeeded"
            ]
          },
          "metadata": {
            "operationMetadataId": "1ffb3e0e-f479-4c22-a4bf-30a56105973c"
          },
          "type": "ParseJson",
          "inputs": {
            "content": "@outputs('frase_aleatoria')",
            "schema": {
              "type": "object",
              "properties": {
                "@@odata.etag": {
                  "type": "string"
                },
                "ItemInternalId": {
                  "type": "string"
                },
                "ID": {
                  "type": "integer"
                },
                "Title": {
                  "type": "string"
                },
                "Modified": {
                  "type": "string"
                },
                "Created": {
                  "type": "string"
                },
                "Author": {
                  "type": "object",
                  "properties": {
                    "@@odata.type": {
                      "type": "string"
                    },
                    "Claims": {
                      "type": "string"
                    },
                    "DisplayName": {
                      "type": "string"
                    },
                    "Email": {
                      "type": "string"
                    },
                    "Picture": {
                      "type": "string"
                    },
                    "Department": {},
                    "JobTitle": {}
                  }
                },
                "Author#Claims": {
                  "type": "string"
                },
                "Editor": {
                  "type": "object",
                  "properties": {
                    "@@odata.type": {
                      "type": "string"
                    },
                    "Claims": {
                      "type": "string"
                    },
                    "DisplayName": {
                      "type": "string"
                    },
                    "Email": {
                      "type": "string"
                    },
                    "Picture": {
                      "type": "string"
                    },
                    "Department": {},
                    "JobTitle": {}
                  }
                },
                "Editor#Claims": {
                  "type": "string"
                },
                "{Identifier}": {
                  "type": "string"
                },
                "{IsFolder}": {
                  "type": "boolean"
                },
                "{Thumbnail}": {
                  "type": "object",
                  "properties": {
                    "Large": {},
                    "Medium": {},
                    "Small": {}
                  }
                },
                "{Link}": {
                  "type": "string"
                },
                "{Name}": {
                  "type": "string"
                },
                "{FilenameWithExtension}": {
                  "type": "string"
                },
                "{Path}": {
                  "type": "string"
                },
                "{FullPath}": {
                  "type": "string"
                },
                "{HasAttachments}": {
                  "type": "boolean"
                },
                "{VersionNumber}": {
                  "type": "string"
                }
              }
            }
          }
        },
        "Set_variable": {
          "runAfter": {
            "Initialize_variable": [
              "Succeeded"
            ]
          },
          "metadata": {
            "operationMetadataId": "e57fd266-7a68-4813-ac20-4ea08219e1be"
          },
          "type": "SetVariable",
          "inputs": {
            "name": "frase",
            "value": "@body('Parse_JSON')?['Title']"
          }
        },
        "Initialize_variable": {
          "runAfter": {
            "Parse_JSON": [
              "Succeeded"
            ]
          },
          "metadata": {
            "operationMetadataId": "80e25d4a-7b71-46ca-bbb1-9ca4149e17f7"
          },
          "type": "InitializeVariable",
          "inputs": {
            "variables": [
              {
                "name": "frase",
                "type": "string"
              }
            ]
          }
        },
        "Return_value(s)_to_Power_Virtual_Agents": {
          "runAfter": {
            "Set_variable": [
              "Succeeded"
            ]
          },
          "metadata": {
            "operationMetadataId": "47dd28e7-0ead-40f7-b79b-b326d3fc9369"
          },
          "type": "Response",
          "kind": "VirtualAgent",
          "inputs": {
            "statusCode": 200,
            "body": {
              "resultadofrase": "@variables('frase')"
            },
            "schema": {
              "type": "object",
              "properties": {
                "resultadofrase": {
                  "title": "resultadoFrase",
                  "x-ms-dynamically-added": true,
                  "type": "string"
                }
              }
            }
          }
        }
      },
      "outputs": {}
    },
    "templateName": "c9cd2c4e691a4646adc8aa592c88489b"
  },
  "schemaVersion": "1.0.0.0"
}