<ImportExportXml version="9.2.23103.244" SolutionPackageVersion="9.2" languagecode="2070" generatedBy="CrmLive" xmlns:xsi="http://www.w3.org/2001/XMLSchema-instance">
  <SolutionManifest>
    <UniqueName>TrabalhoApp</UniqueName>
    <LocalizedNames>
      <LocalizedName description="Trabalho App" languagecode="1033" />
      <LocalizedName description="Projeto Final Grupo 2" languagecode="2070" />
    </LocalizedNames>
    <Descriptions />
    <Version>1.0.0.9</Version>
    <Managed>0</Managed>
    <Publisher>
      <UniqueName>SylvainMiranda</UniqueName>
      <LocalizedNames>
        <LocalizedName description="215syl" languagecode="1033" />
        <LocalizedName description="215syl" languagecode="2070" />
      </LocalizedNames>
      <Descriptions />
      <EMailAddress xsi:nil="true"></EMailAddress>
      <SupportingWebsiteUrl xsi:nil="true"></SupportingWebsiteUrl>
      <CustomizationPrefix>syl</CustomizationPrefix>
      <CustomizationOptionValuePrefix>92598</CustomizationOptionValuePrefix>
      <Addresses>
        <Address>
          <AddressNumber>1</AddressNumber>
          <AddressTypeCode>1</AddressTypeCode>
          <City xsi:nil="true"></City>
          <County xsi:nil="true"></County>
          <Country xsi:nil="true"></Country>
          <Fax xsi:nil="true"></Fax>
          <FreightTermsCode xsi:nil="true"></FreightTermsCode>
          <ImportSequenceNumber xsi:nil="true"></ImportSequenceNumber>
          <Latitude xsi:nil="true"></Latitude>
          <Line1 xsi:nil="true"></Line1>
          <Line2 xsi:nil="true"></Line2>
          <Line3 xsi:nil="true"></Line3>
          <Longitude xsi:nil="true"></Longitude>
          <Name xsi:nil="true"></Name>
          <PostalCode xsi:nil="true"></PostalCode>
          <PostOfficeBox xsi:nil="true"></PostOfficeBox>
          <PrimaryContactName xsi:nil="true"></PrimaryContactName>
          <ShippingMethodCode>1</ShippingMethodCode>
          <StateOrProvince xsi:nil="true"></StateOrProvince>
          <Telephone1 xsi:nil="true"></Telephone1>
          <Telephone2 xsi:nil="true"></Telephone2>
          <Telephone3 xsi:nil="true"></Telephone3>
          <TimeZoneRuleVersionNumber xsi:nil="true"></TimeZoneRuleVersionNumber>
          <UPSZone xsi:nil="true"></UPSZone>
          <UTCOffset xsi:nil="true"></UTCOffset>
          <UTCConversionTimeZoneCode xsi:nil="true"></UTCConversionTimeZoneCode>
        </Address>
        <Address>
          <AddressNumber>2</AddressNumber>
          <AddressTypeCode>1</AddressTypeCode>
          <City xsi:nil="true"></City>
          <County xsi:nil="true"></County>
          <Country xsi:nil="true"></Country>
          <Fax xsi:nil="true"></Fax>
          <FreightTermsCode xsi:nil="true"></FreightTermsCode>
          <ImportSequenceNumber xsi:nil="true"></ImportSequenceNumber>
          <Latitude xsi:nil="true"></Latitude>
          <Line1 xsi:nil="true"></Line1>
          <Line2 xsi:nil="true"></Line2>
          <Line3 xsi:nil="true"></Line3>
          <Longitude xsi:nil="true"></Longitude>
          <Name xsi:nil="true"></Name>
          <PostalCode xsi:nil="true"></PostalCode>
          <PostOfficeBox xsi:nil="true"></PostOfficeBox>
          <PrimaryContactName xsi:nil="true"></PrimaryContactName>
          <ShippingMethodCode>1</ShippingMethodCode>
          <StateOrProvince xsi:nil="true"></StateOrProvince>
          <Telephone1 xsi:nil="true"></Telephone1>
          <Telephone2 xsi:nil="true"></Telephone2>
          <Telephone3 xsi:nil="true"></Telephone3>
          <TimeZoneRuleVersionNumber xsi:nil="true"></TimeZoneRuleVersionNumber>
          <UPSZone xsi:nil="true"></UPSZone>
          <UTCOffset xsi:nil="true"></UTCOffset>
          <UTCConversionTimeZoneCode xsi:nil="true"></UTCConversionTimeZoneCode>
        </Address>
      </Addresses>
    </Publisher>
    <RootComponents>
      <RootComponent type="1" schemaName="cr0ea_membros" behavior="0" />
      <RootComponent type="1" schemaName="cr0ea__cronogramadeaulas" behavior="0" />
      <RootComponent type="1" schemaName="cr0ea__frasesmotivacionais" behavior="0" />
      <RootComponent type="1" schemaName="cr0ea__funcionario" behavior="0" />
      <RootComponent type="1" schemaName="cr0ea__logacesso" behavior="0" />
      <RootComponent type="1" schemaName="cr0ea__login" behavior="0" />
      <RootComponent type="1" schemaName="cr0ea__regras" behavior="0" />
      <RootComponent type="29" id="{04e94c84-8072-ee11-8179-000d3ad7b9e4}" behavior="0" />
      <RootComponent type="29" id="{a8dd1289-3e7e-ee11-8179-000d3ad7b9e4}" behavior="0" />
      <RootComponent type="29" id="{b1ce8581-2482-ee11-8179-0022489bae2a}" behavior="0" />
      <RootComponent type="29" id="{b9123eb1-8b6f-ee11-9ae7-000d3ad7b9e4}" behavior="0" />
      <RootComponent type="29" id="{bc123eb1-8b6f-ee11-9ae7-000d3ad7b9e4}" behavior="0" />
      <RootComponent type="29" id="{db7dfed1-2882-ee11-8179-0022489bae2a}" behavior="0" />
      <RootComponent type="29" id="{e99aaae9-eb71-ee11-8179-000d3ad7b9e4}" behavior="0" />
      <RootComponent type="70" id="{e687be77-e96c-ee11-9ae7-000d3ad7b9e4}" behavior="0" />
      <RootComponent type="300" schemaName="new_tacservicefitness_73f1f" behavior="0" />
    </RootComponents>
    <MissingDependencies>
      <MissingDependency>
        <Required type="2" schemaName="adx_identity_passwordhash" displayName="Hash de Palavra-passe" parentSchemaName="contact" parentDisplayName="Contacto" solution="PowerPages_RuntimeCore (1.0.2308.4)">
          <package>PowerPages_Core (1.0.2310.71)</package>
        </Required>
        <Dependent type="2" schemaName="adx_identity_passwordhash" displayName="Hash de Palavra-passe" parentSchemaName="contact" parentDisplayName="Contacto" />
      </MissingDependency>
    </MissingDependencies>
  </SolutionManifest>
</ImportExportXml>